category,title,content
services,Teeth Cleaning (Scaling & Polishing),"PKR 3,500 · 30 minutes"
services,Teeth Whitening,"PKR 15,000 · 60 minutes · results usually last 1 to 2 years"
services,Dental Check-up & Consultation,"PKR 1,500 · 20 minutes · free if you book a treatment on the same day"
services,Tooth Filling (composite),"PKR 4,000 to PKR 6,000 per tooth depending on size · 30 to 45 minutes"
services,Root Canal Treatment,"PKR 18,000 to PKR 25,000 per tooth · 2 visits of 60 minutes"
services,Tooth Extraction (simple),"PKR 3,000 · 30 minutes"
services,Braces Consultation,"PKR 2,000 · 30 minutes · treatment cost is quoted after the consultation"
hours,Monday to Saturday,10:00 AM to 7:00 PM
hours,Sunday,Closed
hours,Public holidays,Closed (holiday hours are posted on our Instagram)
location,Address,"Shop 12, Main Boulevard, Gulberg III, Lahore"
location,Parking,Free parking in front of the clinic
location,Google Maps,https://maps.google.com/?q=Bright+Smile+Dental+Clinic+Lahore
booking,How to book,"Tell the assistant the service, your preferred date and time, and your name. Every appointment is 30 minutes."
booking,Cancellation,Please cancel or reschedule at least 4 hours before your appointment.
booking,Walk-ins,Walk-ins are welcome but booked patients are seen first.
policies,Payment methods,"Cash, debit and credit cards, JazzCash and EasyPaisa"
policies,Insurance,We do not accept insurance directly; we provide receipts for reimbursement.
policies,Children,We treat children aged 5 and above.
faq,Do you offer emergency treatment?,"Yes, during opening hours. Call +92 300 1234567 for a same-day emergency slot."
faq,Is teeth whitening safe?,It is a routine cosmetic procedure performed by our dentists. Suitability is confirmed at a check-up.
faq,Which languages do you speak?,English and Urdu
faq,Who are the dentists?,"Dr. Sara Ahmed (BDS, FCPS) and Dr. Ali Raza (BDS)"
