row,section,name,title,company,sector,what_they_do,trigger,trigger_date,last_post_found,linkedin_url,reach_by,notes
224,"A: healthcare, last 60 days",Cheryl Sew Hoy,Founder and CEO,Tiny Health,Healthcare,Gut and vaginal microbiome testing,$33M Series B led by B Capital,2026-09-29,2026-06-26,https://www.linkedin.com/in/cherylyeoh,LinkedIn note,
225,"A: healthcare, last 60 days",Madge Rumman,Co-founder and CEO,Blair Health,Healthcare,Virtual specialist care for women's midlife health,CAD $4.24M pre-seed,2026-09-22,2026-05-26,https://ca.linkedin.com/in/madgerumman,LinkedIn note,Canada
226,"A: healthcare, last 60 days",Katie Diasti,Co-founder and CEO,Viv,Healthcare,Toxin-free period care,$2M plus rollout into 526 Whole Foods,2026-09-09,2026-09-09,https://www.linkedin.com/in/katie-diasti/,LinkedIn note,
227,"A: healthcare, last 60 days","Arnaud Rosier, MD PhD",Founder and CEO,Implicity,Healthcare,AI cardiac device monitoring,"$40M growth round, US expansion",2026-09-09,2025-11-19,https://www.linkedin.com/in/arnaud-rosier-94b05410/,"LinkedIn note, then comment on next post",France; posts partly in French
228,"A: healthcare, last 60 days",Ricky Sahu,Founder and CEO,GenHealth.ai,Healthcare,"AI agents for billing, prior auth, denials",$16.5M Series A,2026-09-08,2025-10-22,https://www.linkedin.com/in/ricky-sahu/,"LinkedIn note, then comment on next post",Use /in/ricky-sahu not /in/ricky-sahu-a099159
229,"A: healthcare, last 60 days",Sahir Jaggi,Founder and CEO,Forus,Healthcare,AI network getting prescriptions to patients,$150M Series C at $3B,2026-09-08,2026-05-12,https://www.linkedin.com/in/sahirj/,LinkedIn note,
230,"A: healthcare, last 60 days","Brad Diephuis, MD",CEO,Thyme Care,Healthcare,Value-based cancer care,"New CEO from 1 Sep 2026, plus $125M Series E",2026-09-01,2026-07-15,https://www.linkedin.com/in/bdiephuis/,LinkedIn note,New CEO
231,"A: healthcare, last 60 days",Charlie Bullock,Co-founder and CEO,Scan.com,Healthcare,Medical imaging booking network,$220M ($90M Series C plus debt),2026-08-31,2025-03-26,https://www.linkedin.com/in/charlie-bullock/,"LinkedIn note, then comment on next post",UK and US
232,"A: healthcare, last 60 days",Nitesh Shroff,Co-founder and CEO,Arintra,Healthcare,Autonomous medical coding,$25M Series B,2026-08-26,2025-10-05,https://www.linkedin.com/in/nitesh-shroff-08855148/,"LinkedIn note, then comment on next post",Also in file 09
233,"A: healthcare, last 60 days",Amir Tehrani,CEO,MaxQ Medical,Healthcare,Prostate imaging plus therapy device,$31.5M Series A,2026-08-20,,https://www.linkedin.com/in/amir-tehrani-26a30a/,Senior contact or warm intro,"No posts found; several namesakes, use this SF Bay Area profile"
234,"A: healthcare, last 60 days",Patrick Nelli,Founder and CEO,Aligned Marketplace,Healthcare,Employer access to advanced primary care,$20M Series A,2026-08-13,2025-05-06,https://www.linkedin.com/in/jpatricknelli/,"LinkedIn note, then comment on next post",
235,"A: healthcare, last 60 days",Adam Pellegrini,CEO,TytoCare,Healthcare,Home exam devices for telehealth,"New CEO, plus $25M growth round",2026-07-15,2026-06-02,https://www.linkedin.com/in/adampellegrini/,LinkedIn note,New CEO
236,"B: healthcare, May-Jul 2026",Nishith Khandwala,Co-founder and CEO,Bunkerhill Health,Healthcare,Health systems build their own AI agents,$25M Series B led by Khosla,2026-07-16,2026-07-23,https://www.linkedin.com/in/nishith-khandwala-16b27227/,LinkedIn note,
237,"B: healthcare, May-Jul 2026",Scott Hickle,Co-founder and CEO,Throne Science,Healthcare,Toilet sensor tracking gut health and hydration,$10M Series A,2026-07-28,2026-04-01,https://www.linkedin.com/in/scotthickle/,LinkedIn note,
238,"B: healthcare, May-Jul 2026",Grant Verstandig,"CEO, Trase; Founder and CEO, Red Cell Partners",Trase,Healthcare,AI agents for healthcare and defense,$107M seed,2026-06-25,2026-03-19,https://www.linkedin.com/in/grant-verstandig-4b92a416/,LinkedIn note,Runs a studio; possible portfolio-wide client
239,"B: healthcare, May-Jul 2026",Mika Newton,CEO,xCures,Healthcare,Cancer real-world data and trials,$46M Series B,2026-06-24,2025-01-13,https://www.linkedin.com/in/mikanewton/,"LinkedIn note, then comment on next post",
240,"B: healthcare, May-Jul 2026",Ariel Katz,Co-founder and CEO,H1,Healthcare,Global database of doctors and researchers,"$40M, CVS Health Ventures",2026-05-28,2026-05-28,https://www.linkedin.com/in/arielbkatz/,LinkedIn note,
241,"B: healthcare, May-Jul 2026",Sharam Fouladgar-Mercer,Co-founder and CEO,Signos,Healthcare,FDA-cleared glucose monitoring for weight loss,$20M,2026-05-27,2025-09-16,https://www.linkedin.com/in/sharamfm/,"LinkedIn note, then comment on next post",
242,"B: healthcare, May-Jul 2026",Frank Westermann,Co-founder and co-CEO,9amHealth,Healthcare,"Virtual clinic for diabetes, obesity, heart",$26M Series B,2026-05-13,2026-05-13,https://www.linkedin.com/in/frankwestermann,LinkedIn note,"co-CEO, not sole CEO"
243,"B: healthcare, May-Jul 2026",Jonathan Kolstad,Co-founder and CEO,Knit Health,Healthcare,AI model trained on how clinicians decide,$11.6M seed,2026-05-12,2026-05-12,https://www.linkedin.com/in/jonathan-kolstad-229124/,LinkedIn note,Several Jon Kolstad namesakes; use this one
244,"B: healthcare, May-Jul 2026",Prakash Khot,Co-founder and CEO,XCaliber Health,Healthcare,Healthcare data and AI platform,$6.5M seed,2026-05-05,2026-05-05,https://www.linkedin.com/in/prkhot,LinkedIn note,Use /in/prkhot not /in/prakash-khot-80034a331
245,"B: healthcare, May-Jul 2026",Zach Newman,Co-founder and CEO,Enzo Health,Healthcare,AI-native records system for home health,$20M Series A,2026-05-04,2026-06-15,https://www.linkedin.com/in/newmanzach,LinkedIn note,
246,"C: healthcare, Feb-Apr 2026",Scott Hoch,Co-founder and CEO,Gravity Rail,Healthcare,No-code AI patient outreach,$2.75M seed,2026-04-23,2026-06-03,https://www.linkedin.com/in/correlator/,LinkedIn note,
247,"C: healthcare, Feb-Apr 2026",Danny Sigurdson,Founder and CEO,Courier Health,Healthcare,Patient support software for pharma,$50M Series B,2026-04-22,2025-12-17,https://www.linkedin.com/in/dsigurdson/,"LinkedIn note, then comment on next post",
248,"C: healthcare, Feb-Apr 2026",Michal Miernowski,Co-founder and CEO,Amperos Health,Healthcare,AI that chases denied insurance claims,$16M Series A led by Bessemer,2026-04-22,2025-09-05,https://www.linkedin.com/in/michalmiernowski/,"LinkedIn note, then comment on next post",
249,"C: healthcare, Feb-Apr 2026",Dallen Allred,Co-founder and CEO,Tava Health,Healthcare,Therapist network for employers and plans,$40M Series C,2026-04-21,2023-04-18,https://www.linkedin.com/in/dallen-allred-9648a219/,Senior contact or warm intro,Rarely posts
250,"C: healthcare, Feb-Apr 2026",Deanna Harshbarger,CEO,Cala Health,Healthcare,Wearable therapy for hand tremor,$50M,2026-04-20,2022-01-25,https://www.linkedin.com/in/deanna-harshbarger-mba/,Senior contact or warm intro,Rarely posts
251,"C: healthcare, Feb-Apr 2026",John Zutter,CEO,Lantern,Healthcare,Specialty care navigation,$30M,2026-03-19,2024-12-23,https://www.linkedin.com/in/john-zutter-687000a/,Senior contact or warm intro,
252,"C: healthcare, Feb-Apr 2026",Matan Hoffmann,Co-founder and CEO,Carefam,Healthcare,AI hiring for hospitals and home care,"$14.5M, out of stealth",2026-03-12,2025-11-25,https://www.linkedin.com/in/matan-hoffmann/,"LinkedIn note, then comment on next post",
253,"C: healthcare, Feb-Apr 2026",Jack O'Hara,Founder and CEO,Translucent,Healthcare,AI finance platform for health systems,$27M Series A,2026-03-11,2026-03-11,https://www.linkedin.com/in/jack-o-hara-/,LinkedIn note,
254,"C: healthcare, Feb-Apr 2026",Tim Hwang,CEO,Nitra,Healthcare,Payments and procurement for clinics,"$187M across A, B and debt",2026-03-10,2026-05-07,https://www.linkedin.com/in/timthwang/,LinkedIn note,Headline still says FiscalNote; address as Nitra CEO
255,"C: healthcare, Feb-Apr 2026",Edmund Jackson,Founder and CEO,UnityAI,Healthcare,AI scheduling and orchestration for clinics,$8.5M Series A,2026-03-04,2026-06-11,https://www.linkedin.com/in/edmundjackson/,LinkedIn note,
256,"C: healthcare, Feb-Apr 2026",Frederik Mueller,Co-founder and CEO,Third Way Health,Healthcare,Front-office AI for medical practices,$15M Series A,2026-02-26,2026-02-26,https://www.linkedin.com/in/frederik-mueller-53198a17/,LinkedIn note,
257,"C: healthcare, Feb-Apr 2026",Navin Nagiah,Co-founder and CEO,Daffodil Health,Healthcare,AI payment integrity for health plans,$16.3M Series A,2026-02-17,2026-02-17,https://www.linkedin.com/in/navin-nagiah-8ab16,LinkedIn note,
258,"C: healthcare, Feb-Apr 2026","Abdel Mahmoud, MD",Founder and CEO,Anterior,Healthcare,Clinical AI for insurance reviews,$40M,2026-02-12,2025-01-30,https://www.linkedin.com/in/abdelmahmoud/,"LinkedIn note, then comment on next post",
259,"C: healthcare, Feb-Apr 2026",Jeremy Gurewitz,Co-founder and CEO,Solace Health,Healthcare,Patient advocates,"$130M Series C, unicorn",2026-02-10,2024-08-23,https://www.linkedin.com/in/jgurewitz/,Senior contact or warm intro,Unicorn; try row 270 instead
260,"C: healthcare, Feb-Apr 2026",Nick Reber,Founder and CEO,Garner Health,Healthcare,Steers employees to better doctors,$118M Series D at $1.35B,2026-02-11,2022-03-07,https://www.linkedin.com/in/nickreber/,Senior contact or warm intro,"Use /in/nickreber; unicorn, rarely posts"
261,"C: healthcare, Feb-Apr 2026",Joanna Strober,Co-founder and CEO,Midi Health,Healthcare,Menopause and midlife care,"$100M Series D, unicorn",2026-02-03,2024-04-08,https://www.linkedin.com/in/joannastrober/,Senior contact or warm intro,Unicorn with brand team
262,"D: other sectors, Sep 2026",Zubin Singh Koticha,Co-founder and CEO,Raindrop,AI SaaS,Monitoring for AI agents,$50M Series A led by CRV,2026-09,,https://www.linkedin.com/in/zkoticha/,Senior contact or warm intro,No posts found; try row 274
263,"D: other sectors, Sep 2026",Fangchang Ma,Founder and CEO,Nuance Labs,AI,Model that sees and speaks in real time,$50M Series A led by Lightspeed,2026-09-14,2025-09-09,https://www.linkedin.com/in/fangchangma/,"LinkedIn note, then comment on next post",
264,"D: other sectors, Sep 2026",Lewis Carhart,CEO and co-founder,Comp AI,SaaS,Automated SOC 2 and ISO compliance,$34M Series A,2026-09-17,,https://www.linkedin.com/in/lewiscarhart/,Senior contact or warm intro,No posts found
265,"D: other sectors, Sep 2026",Rishi Choudhary,Co-founder and CEO,Kastle,Fintech,AI agents for lenders and banks,$24M Series A led by Insight,2026-09-17,2025-02-28,https://www.linkedin.com/in/choudharyrishi/,"LinkedIn note, then comment on next post",
266,"D: other sectors, Sep 2026",Sadra Hosseini,Co-founder and CEO,Ryft,Fintech,Payments for marketplaces,GBP 20M Series B,2026-09-17,,https://uk.linkedin.com/in/sadra-hosseini,Senior contact or warm intro,UK; use this profile not /in/sadra-hosseini-4229808a
267,E: senior leader,Robin Shah,Executive Chairman,Thyme Companies (Thyme Care),Healthcare,New parent building oncology businesses,Launching new ventures under new parent,2026-09-02,2026-07-16,https://www.linkedin.com/in/robin-shah-8072bb35/,LinkedIn note,
268,E: senior leader,Michael Hofner,CFO,9amHealth,Healthcare,"Virtual clinic for diabetes, obesity, heart",First board cycle after $26M Series B,2026-05-13,,https://www.linkedin.com/in/michael-hofner-b9a20b14/,LinkedIn note,Owns board deck
269,E: senior leader,Mark Stephens,Product Marketing,Courier Health,Healthcare,Patient support software for pharma,Sales push after $50M Series B,2026-04-22,,https://www.linkedin.com/in/markstep/,LinkedIn note,
270,E: senior leader,Sara Sargent,Co-founder and Chief Product Officer,Solace Health,Healthcare,Patient advocates,"Unicorn, CEO hard to reach",2026-02-10,,https://www.linkedin.com/in/sasargent/,LinkedIn note,
271,E: senior leader,"Felipe Morais, MD MBA",Partnerships,Bunkerhill Health,Healthcare,Health systems build their own AI agents,Partnership decks to health systems,2026-07-16,,https://www.linkedin.com/in/felipemorais/,LinkedIn note,
272,E: senior leader,"Preeti Bhargava, PhD",Co-founder,Arintra,Healthcare,Autonomous medical coding,Second founder at fresh Series B,2026-08-26,,https://www.linkedin.com/in/preetibhargava/,LinkedIn note,
273,E: senior leader,Sophie Pinkard,Chief Product Officer,Knit Health,Healthcare,AI model trained on how clinicians decide,Seed-stage story shaping,2026-05-12,,https://www.linkedin.com/in/sophie-pinkard-09b962b/,LinkedIn note,
274,E: senior leader,Alexis Gauba,Co-founder,Raindrop,AI SaaS,Monitoring for AI agents,CEO shows no public posts,2026-09,,https://www.linkedin.com/in/alexisgauba/,LinkedIn note,
